Name,Type,Description,
aagoins,User,,
aallc,User,,
aballen,User,,
abgreene,User,,
abkeeton,User,,
abkilgo,User,,
abpyatt,User,,
acbristow,User,,
acchavis75,User,,
acgooselin,User,,
acwilliams,User,,
adbarton,User,,
adgray,User,,
admedlin,User,,
adtrivette,User,,
adwhitley175,User,,
aecollins,User,,
aeconsulting,User,,
aejarvis,User,,
aelozano,User,,
aemergencytraining,User,,
afmcinnis,User,,
agonzalez139,User,,
agonzalez3,User,,
agterry,User,,
agthompson,User,,
ahbaker,User,,
ajclark,User,,
ajlopez,User,,
ajtyler,User,,
akdavid,User,,
akprivette,User,,
aldawkins,User,,
aldockery,User,,
alleviner,User,,
almcdonald,User,,
alquick,User,,
alratliff,User,,
alstricklin,User,,
amako,User,,
amburgett,User,,
amchavis,User,,
amdixon,User,,
amphipps,User,,
amrichardson,User,,
amstrine,User,,
amtalbert,User,,
amward,User,,
amwinfree,User,,
anbatts,User,,
andaniels,User,,
anspencer,User,,
anwebb,User,,
aozaeta,User,,
apflowers,User,,
apryor,User,,
arauman,User,,
ardockery,User,,
arlovin,User,,
armorman,User,,
arnorton67,User,,
asmcintyre,User,,
atlove,User,,
awdunn,User,,
basteele,User,,
bbemert,User,,
bbrown1,User,,
bbsewell,User,,
bdpatterson,User,,
betheridge,User,,
bfjones,User,,
bimoore,User,,
bjbenson,User,,
bjoliver,User,,
bkmunro,User,,
blcribb,User,,
bllocklear77,User,,
blsteen,User,,
blwilde,User,,
bmcdonald,User,,
bnmullis,User,,
bplathan,User,,
bpwhitt,User,,
brland,User,,
bsoto,User,,
bswarwick,User,,
bttucker,User,,
bycritcher,User,,
cacovington,User,,
cajacobsii,User,,
camiles,User,,
cbthorpe,User,,
cbwoessner,User,,
ccampbell,User,,
ccbrady,User,,
cccollier,User,,
cdbrower,User,,
cdcrawford,User,,
cddial,User,,
cdmclean,User,,
cdsaunders,User,,
cdsmith,User,,
cdwill,User,,
celtd,User,,
cfthomsonmunro,User,,
cgdees,User,,
cgfaust,User,,
chayes,User,,
chharris,User,,
chkelly,User,,
chmcelduff,User,,
ciconsultants,User,,
cjbritt,User,,
cjdiggs-brown,User,,
cjeverett,User,,
cjmiles,User,,
clklabbatz,User,,
cllocklear59,User,,
clrowell,User,,
clstrickland65,User,,
clthomas,User,,
clwilloughby,User,,
clwoolard,User,,
cmanning,User,,
cmboone,User,,
cmbuzzell,User,,
cmcox,User,,
cmduncan66,User,,
cmfloyd,User,,
cmlawrence-ireland,User,,
cmpezzello,User,,
cmwebster,User,,
cncovington,User,,
cnrogers,User,,
crbeach,User,,
crbyrd,User,,
creyes-pinzon,User,,
crezzell,User,,
crfreeman,User,,
csmith,User,,
ctcc,User,,
ctconsultingllc,User,,
cvharris,User,,
cvirgen,User,,
cwdunn,User,,
cwingram,User,,
cwsessoms,User,,
cwshumate,User,,
cwspeight,User,,
daevans,User,,
dalittle,User,,
darorie,User,,
daterry,User,,
dbgodwin,User,,
dbmeares,User,,
dccarlyle,User,,
dccarter,User,,
dcpaschall,User,,
ddland,User,,
ddrichmond,User,,
ddwilliams254,User,,
dfbrown,User,,
dflocklear,User,,
dgsaillor,User,,
dgwinburn,User,,
dhbrigman,User,,
dhcaulder,User,,
dhmoody,User,,
dholland,User,,
djchilders,User,,
djflinchum,User,,
djluther,User,,
dkfreeman,User,,
dkhardison,User,,
dkleggett,User,,
dkrorie,User,,
dksanders,User,,
dlgrimsley,User,,
dlhines,User,,
dlmccullough,User,,
dmclean,User,,
dmdavis,User,,
dmdriggers,User,,
dnjohnson,User,,
dnmcbryde,User,,
drallbrooks,User,,
drcook50,User,,
drmassey,User,,
drnewton,User,,
dscuddihy,User,,
dslocklear,User,,
dsmccormick,User,,
dthead,User,,
dtscott,User,,
dtsystemsllc,User,,
dvguimaraes,User,,
dward,User,,
dwhazel,User,,
dwhite,User,,
dycauley,User,,
ebalance,User,,
eballance,User,,
ebratliff,User,,
edhatcher,User,,
edviolette,User,,
ejbroady,User,,
ejquick,User,,
emcaldwell,User,,
emgreene,User,,
emharrison,User,,
emvoorhees,User,,
eosantizo,User,,
eppeguese,User,,
ercarriker,User,,
erdavis,User,,
esbridges,User,,
etgoinc,User,,
ewilkerson,User,,
fabrewington,User,,
fdjenks,User,,
femcqueen,User,,
ffcenter,User,,
ffservicesinc,User,,
fllawrence,User,,
flshaw,User,,
flterry,User,,
fmirian,User,,
fmmccrae,User,,
fperdue,User,,
gabutler,User,,
gccarter,User,,
gccrewinc,User,,
gcolden,User,,
ghjackson,User,,
glautry,User,,
glocklear,User,,
gmbraddock,User,,
gmgibson,User,,
gmmurdaugh,User,,
grbuck,User,,
grimcoinc,User,,
gtbutler,User,,
hbvoorhees,User,,
hechambers,User,,
hgeastman,User,,
hgonzalez,User,,
hlbrown,User,,
hlopez,User,,
hlwyatt,User,,
hmachinery,User,,
hmjones,User,,
hpbostick,User,,
hpclark,User,,
hrhowell,User,,
iabaldwin,User,,
iburnett,User,,
idcovington,User,,
ilenforcementspe,User,,
imorales,User,,
itbond,User,,
jaford,User,,
jahildreth,User,,
jahunter,User,,
jajenks,User,,
jamarshall,User,,
janivens,User,,
japaone-hurd,User,,
jatyndall,User,,
javirgen,User,,
jbbyrd,User,,
jbchristmas,User,,
jbjones54,User,,
jbostick,User,,
jbwelch,User,,
jchill,User,,
jckilburn,User,,
jcneeley,User,,
jcsmith,User,,
jcwebb,User,,
jdbobbitt,User,,
jdchance,User,,
jddarien,User,,
jdeerwester,User,,
jdkelly,User,,
jdlipford,User,,
jdmcarthur,User,,
jdmorrison,User,,
jdpowell,User,,
jdruperd,User,,
jdsanderson,User,,
jdwrenn,User,,
jealtman,User,,
jemcgee,User,,
jescobar,User,,
jevillarreal,User,,
jewalker,User,,
jformica,User,,
jgbullard,User,,
jgdavis61,User,,
jgmcauley,User,,
jgmcdonald,User,,
jhammonds,User,,
jhatcher,User,,
jhmcmurry,User,,
jilittle,User,,
jjallen,User,,
jjcesnick,User,,
jjlaney,User,,
jjmartinez,User,,
jkdeal,User,,
jkhigh,User,,
jkhulon,User,,
jlaustin,User,,
jldavis,User,,
jlfrazier,User,,
jlmartin55,User,,
jlmurdock,User,,
jlpittman,User,,
jlpruitt,User,,
jlsnead,User,,
jlwalters,User,,
jlwilson,User,,
jmeubank,User,,
jmgibson,User,,
jmrichards,User,,
jmsewell,User,,
jmwalker,User,,
jnharrell,User,,
jnjohnson,User,,
jnpeacock,User,,
jpcharlton,User,,
jpdavis,User,,
jpettit,User,,
jratliffe,User,,
jrburleson,User,,
jrcollins,User,,
jrlocklear71,User,,
jrmcphatter,User,,
jscovington,User,,
jsmcarver,User,,
jsnash,User,,
jspressley,User,,
jsstone59,User,,
jsugg,User,,
jtcanter,User,,
jtmarston,User,,
jtnelms,User,,
jtwilliams,User,,
jtyates,User,,
jvbryant,User,,
jvward,User,,
jwabrams,User,,
jwcope,User,,
jwilliams68,User,,
jwmclaughlin60,User,,
jwmedfordjr,User,,
jwomble,User,,
jwrose,User,,
jwward,User,,
jylawrence,User,,
kaavant,User,,
kabrewington,User,,
kabrown,User,,
kacherry,User,,
kagomiller,User,,
kamangum,User,,
kawilliams,User,,
kbheatherly,User,,
kbonville,User,,
kcchavis,User,,
kdingram70,User,,
kdleak,User,,
kdrussell,User,,
kewilliams69,User,,
kghine,User,,
kgredmon,User,,
khester,User,,
kjhorne,User,,
kjkelly,User,,
kklivingston,User,,
kleasterling,User,,
klquick,User,,
kmburr,User,,
kmcarpenter,User,,
kmeacham,User,,
kmjones62,User,,
kmroberts,User,,
kmsanford,User,,
kmschnell,User,,
kmwestover,User,,
knjohnson,User,,
knjones,User,,
knmoore,User,,
krnelson,User,,
krnorton-smith,User,,
ksboone,User,,
ksconyers,User,,
ksdouglas,User,,
ksherring,User,,
ksmclaughlin,User,,
ksparsons72,User,,
kspartin,User,,
ktbridgeman,User,,
ktchavis,User,,
ktorrey,User,,
kwtuttle,User,,
kycooper,User,,
laellerbe,User,,
laflores,User,,
lalvarado,User,,
laramsey,User,,
lassociatesinc,User,,
lbmcphatter,User,,
lccase,User,,
lconcepts,User,,
lcsellars,User,,
ldingram,User,,
ldroberts,User,,
ldrushing,User,,
ldwolfe,User,,
leverett,User,,
lhamilton,User,,
lhdixon,User,,
ljones,User,,
lking,User,,
llwilson,User,,
lmallen,User,,
lmcleod,User,,
lmreddick,User,,
lmrorie,User,,
lmsmith,User,,
lmwall,User,,
lowen,User,,
lpburns,User,,
lpbutler,User,,
lpressley,User,,
lrjones,User,,
lsells,User,,
lstraughan,User,,
ltmcneill,User,,
lunsworth,User,,
lwperkins,User,,
lynxinc,User,,
mabarnhill,User,,
maleviner64,User,,
maplaca,User,,
Marc Terry,User,,
Mark Lammatteo,User,,
mashankle,User,,
mbbaldwin,User,,
mbrossman,User,,
mbyrd,User,,
mcmcdonald63,User,,
mcollins,User,,
mcollins2,User,,
mdhinson58,User,,
mdyancy,User,,
mehudson,User,,
melectrical,User,,
mepatrick,User,,
mfrollins,User,,
mgrhodes,User,,
mgwall,User,,
mhrizzolo,User,,
mjgraham,User,,
mjmcdonald,User,,
mjohnson,User,,
mldurfor,User,,
mljacobs,User,,
mmegalos,User,,
mmglenn,User,,
mmholden,User,,
mmjones,User,,
mmlane,User,,
mmrivera,User,,
mnhinson,User,,
mowalker,User,,
mpariail,User,,
mrcarpenter,User,,
msauvao,User,,
msbaker,User,,
mshines,User,,
msmedlin,User,,
mswaters,User,,
mtvincett,User,,
mtwilliams73,User,,
mwimmer,User,,
mwwatson,User,,
n-industrialexte,User,,
nabenton193,User,,
narogers,User,,
nbcharleson,User,,
ncaec,User,,
nfleppian,User,,
njmorrison,User,,
nkmanwarren,User,,
nllocklear,User,,
nnmcmillan,User,,
nnwilliams,User,,
nnwilson,User,,
nrassociation,User,,
nrwaterassociati,User,,
nsfair,User,,
nsmcinnis,User,,
nsridgeway,User,,
ocrump,User,,
olhailey-nelson,User,,
osfahmy,User,,
pcwebb,User,,
pdbrown,User,,
pdmoss,User,,
pdpressley,User,,
pgboyd,User,,
phidalgo,User,,
pjmccoy,User,,
plastek,User,,
plmillen,User,,
pmhenegan,User,,
pmivey,User,,
pmoore,User,,
prbrown,User,,
prpolk,User,,
prsmith,User,,
ptstone,User,,
qjlindsey,User,,
rajernigan,User,,
ralford,User,,
rasnipes,User,,
rbarbour,User,,
rbgibson,User,,
rcampbell,User,,
rccarlyle,User,,
rckersey,User,,
rcoulon,User,,
rctucker,User,,
rdmartin,User,,
rdparker,User,,
rebardon,User,,
rebryant,User,,
rejones,User,,
rfknotts,User,,
rgbrigman,User,,
rhmillikan,User,,
rhmoore,User,,
rhthrower,User,,
rimcneill,User,,
rjstrickland,User,,
rlbyers,User,,
rlcain,User,,
rlheaton,User,,
rlmillen,User,,
rlsmith,User,,
rlwhittington,User,,
rmanuel,User,,
rmodom,User,,
rmolina,User,,
roevans,User,,
rrhall,User,,
rrking49,User,,
rshayden,User,,
rskinner,User,,
rslampley51,User,,
rsrichardson,User,,
rstorage,User,,
rwyingling,User,,
sabailey,User,,
sabrewington,User,,
samorrison,User,,
sbmcelroy,User,,
sbrisson,User,,
sbsimmons,User,,
scameron-mccrea,User,,
scburleson,User,,
sddibble,User,,
sdlockey,User,,
sdportscheller,User,,
sewashington,User,,
sfcox,User,,
sgaddis,User,,
sgcarpenter,User,,
sggarner,User,,
sgmalloy,User,,
shbraddock,User,,
shhaigler,User,,
sinc,User,,
sjeverett,User,,
sjmancos,User,,
skeen,User,,
skwalters,User,,
slcopeland,User,,
sldavis76,User,,
slevitt,User,,
slhale,User,,
sljohnson,User,,
slreddick,User,,
smdavis,User,,
smdavis22,User,,
smhaire,User,,
smorrison,User,,
smwilliams65,User,,
sqhenderson,User,,
srbaskett,User,,
srealistictraining,User,,
srgoins,User,,
srhearne,User,,
srrichardson,User,,
srwilliams,User,,
ssbennett,User,,
sscovington,User,,
ssllc,User,,
sswilliams,User,,
stposton,User,,
stspivey,User,,
svbowen,User,,
t2groupllc,User,,
tahallman,User,,
tahyatt,User,,
talbert,User,,
tamarshall,User,,
tblomquist,User,,
tcfurr,User,,
tdday,User,,
tdjenks,User,,
tdlambert,User,,
tdwilliams,User,,
tebrewer,User,,
tecovington,User,,
teperry,User,,
tghildreth,User,,
tgrudd,User,,
thbundy,User,,
thoward,User,,
tingram,User,,
tjmcdonald,User,,
tlamson,User,,
tlawfirmpc,User,,
tlbristow,User,,
tlgoins,User,,
tlleviner,User,,
tlrush,User,,
tlsimpson,User,,
tlyork,User,,
tmagbonze,User,,
tmgroup,User,,
tmmcintyre,User,,
tnelliott,User,,
tnwilliams,User,,
tosimmons,User,,
tpchappell,User,,
tpines,User,,
trparris,User,,
trwall,User,,
tsbrown,User,,
tscole,User,,
tsgarth,User,,
tspaxton,User,,
tssmith57,User,,
tssmith74,User,,
tssweatt52,User,,
ttcraven,User,,
ttlocklear,User,,
ttmcnair,User,,
ttrobinson,User,,
twinslow,User,,
twlocklear,User,,
twsmith,User,,
tysolomon,User,,
vabuchanan,User,,
vcoutreachcoordi,User,,
veboitnott,User,,
vharris,User,,
vkgibson,User,,
vkgibson53,User,,
vlmccaskill,User,,
vlwallace,User,,
vsas,User,,
wdcummins,User,,
wfmckay,User,,
wgmcqueen,User,,
wjbarnwell,User,,
wkbaxter,User,,
wpharper,User,,
wsmcilwain,User,,
wwhite,User,,
wwlewis,User,,
wybellamy,User,,
ybrown,User,,
ydgill,User,,
yegonzales,User,,
ytcovington,User,,
zrmcnair,User,,
